category_id,category,published_at,title,url,source,summary,discovery_source
router-global,海外ルーターニュース,2026-05-02T16:25:31Z,Review: Asus RTBE58U (Go) router – Wi-Fi 7 Performance on a Wi-Fi 6 Budget - SonnyDickson,https://news.google.com/rss/articles/CBMiqgFBVV95cUxNOG9PWGlNaTVtZzQwaDJMUThScEJQX1N2bEM0ZXJuNnRvMlc2TGphRWZZSHowVkZSdWY2bnJ1cEQ3MmV5b0cwcWdsNUplX2tkQ1FzV3hCSERtUlEtVEVPVnUwOElNZlZlYklfb1I0bFQ3MFJxVGdOdmxRMjlYUUViMGk5U3JzZWN6UEdnOXIyU1N2SjY0SGxaRTNCamt2blZfMF8wSkxPZXA4Zw?oc=5,Google News Global: home networking,Review: Asus RTBE58U (Go) router – Wi-Fi 7 Performance on a Wi-Fi 6 Budget SonnyDickson,current_api_seed
router-global,海外ルーターニュース,2026-05-01T17:30:00Z,Why Your Home Needs a Wi-Fi 7 Mesh Router System - Yahoo Tech,https://news.google.com/rss/articles/CBMifEFVX3lxTE9PdE43ZEFITnhCWFRmYWpRb3JycGx0VkF1U2pJWlh5M0N0WWlldnktTFJrSU5FR2dHQVYyV092bnlQdm91VFpaYnp5cktScVROUE1RSUl1SHlwUHZYVHV3Y1JWNS05dlNPR01HNFBodDVfRVhJVXp0WGo4V2I?oc=5,Google News Global: home networking,Why Your Home Needs a Wi-Fi 7 Mesh Router System Yahoo Tech,current_api_seed
router-domestic,国内ルーター市場ニュース,2026-05-01T15:23:32Z,バッファローのWi-Fi 6E対応無線LANルーターや10GbE対応スイッチングハブがお得！AmazonスマイルSALE - ｄメニューニュース,https://news.google.com/rss/articles/CBMiiAFBVV95cUxPR1owR2toUFRpaDRzVWpqQ3dDUkhVbExZT0N4LTBIdFA1ZkNMc19oSURGMDhzMy1UWEZHeFc5dTNPenpQVFBpREdaeGJyVENmSEdKZlp0S1UzY2JNVnpwczhvb0tHOUR5cnVDb2dTT2d4MEFHY3ZXd1lBbjZrU0tNcEV3T3NPcG0y0gGOAUFVX3lxTE16aVVaQmtaWW0ydGlnOERDdGF6SkFUc3Jvd2xaRGRZS3VyaWZHeXBFTDdWejNEdkE1ZHZsVHJYM0JwUzNRSVlNRHktdXI5UURoNGxJWEdJWkhoQ0JaNkRFWnlJeWY4eFFkTjhHNG8wRjFERVdtYWM1YXNjMXVaTm9fYVVqRDFyMUtLTk1LRXc?oc=5,Google News JP: router products,バッファローのWi-Fi 6E対応無線LANルーターや10GbE対応スイッチングハブがお得！AmazonスマイルSALE ｄメニューニュース,current_api_seed
network-performance,ネットワーク性能・障害ニュース,2026-05-01T09:46:14Z,One NZ fixes issue causing widespread internet outage - 1News,https://news.google.com/rss/articles/CBMikwFBVV95cUxOYkxzQ3RRLVJQd0V4TV91OU5oeXliLTRrM3N3RU5vWExoQkVvUEF6VHozTGFyallDRG9JSU01eU1xUUZsOFZpSzJlWld5MmJCSFNmWnVSVlZrbWRPYUtZNEFhVlR1MHNhQmlvMWdXbGJvSVliQ1lYVkxvYTgxNnpFZ2N5QmxOdjd4NDE0UEpuOGZXMFk?oc=5,Google News Global: network performance,One NZ fixes issue causing widespread internet outage 1News,current_api_seed
network-performance,ネットワーク性能・障害ニュース,2026-05-01T02:23:55Z,"One NZ issue causing widespread internet outage across entire South, parts of North Island - MSN",https://news.google.com/rss/articles/CBMi2AFBVV95cUxPcXM1TDVXenJjd2hGRmdiQ0V6UG1TZllzSm5zWXNuZ1VLU1gyXy1HeDluQkhLUllZM1Uzbl9XNzdpNmxTX2hQR1F6RWRwRzVuTUxZeVM1V21YZGI4RjJxUEZIOWVuQ0JaLTM1bFFQLTgxNGl1Ql9pYzJDRVJXYjFQRk84Z1ItSEVZTE5PYzQwWUd0cVVSWV9wWnUtX1ZqM1p3LWhadWQ3X3phNk1GVkQ2ZU5kTzZpd2tfTlFRT3RJVzR4RmRfYWVnaGtPQ19NY19oWmY0R2FfdG8?oc=5,Google News Global: network performance,"One NZ issue causing widespread internet outage across entire South, parts of North Island MSN",current_api_seed
router-domestic,国内ルーター市場ニュース,2026-05-01T02:00:00Z,TP-LinkのWi-Fi 7ルーターが安い！ Amazon GWスマイルSale 最大2882＋688Mbpsの廉価モデル「Archer BE220」は8820円 - INTERNET Watch,https://news.google.com/rss/articles/CBMicEFVX3lxTE92UWYyR3hRU0JGa0luTUhHWU1oNWYzSm1KZ3lQSUY3Q2diR1YzWXhUNE9jR3RDOXhnaEQzM0o5VU1EM2x4b0ZjM05LdUxMQUNja09PeGNha1dLYU9JWGNkRWczdGVGY19XODh3YXBhVjM?oc=5,Google News JP: router vendors,TP-LinkのWi-Fi 7ルーターが安い！ Amazon GWスマイルSale 最大2882＋688Mbpsの廉価モデル「Archer BE220」は8820円 INTERNET Watch,current_api_seed
network-performance,ネットワーク性能・障害ニュース,2026-04-30T22:57:16Z,"One NZ issue causing widespread internet outage across entire South, parts of North Island - RNZ",https://news.google.com/rss/articles/CBMizAFBVV95cUxNVlNBRnlHNnpoNFdOaWphc3dfOXRLSzZzSFU4em1fQXRIWERmUVIyOXRVVWl3YWFCMTNnakNsZTdsdkk3RE5ZVExHbklvQVdYSlBJUXdITURnRzU2dnpFeGh6bnJ4cnRvTnVWYU1sal9ZTWhrNk9VSjVIUHVHeWtqbjVWUTNDNThNVk1aTl9TYjE5VFVTUnRhT05hRURtcWtNeHhwWGx3V281TEdFalJxcEUwZ3JnQzVyTm1relJSalU5NUdfOFV0bEI2OVg?oc=5,Google News Global: network performance,"One NZ issue causing widespread internet outage across entire South, parts of North Island RNZ",current_api_seed
network-performance,ネットワーク性能・障害ニュース,2026-04-30T22:57:16Z,"One NZ issue fixed after causing internet outages across the South Island, parts of North Island - RNZ",https://news.google.com/rss/articles/CBMi1AFBVV95cUxQWGY1OUM1X0htRGs3djRBZnVsNVlKXzRWOTAzblRITmltQUFneWxXcGY5czl1aGVUbFJma0lWOUhTeEpjR0RTZnh2MFp6cWU1Q2dXekE5aU92Y1R0SENyamp5Nmo3blB6c1BXTEJOZjNyR1JHMFlCaC1zWlFiOEZpRU85Nld0aERFZ1hOWE9jV3V1bkhLSGZVZW5tUWJIWkhBSzdPbGhBZGtfbkJFVDV3MWNPRXhmMjUxeGU1dFJUb09RaTZYMmxwQUFBQ3h5TFR2cVVKZA?oc=5,Google News Global: network performance,"One NZ issue fixed after causing internet outages across the South Island, parts of North Island RNZ",current_api_seed
network-performance,ネットワーク性能・障害ニュース,2026-04-30T22:38:02Z,"One NZ internet outage affects entire South Island, parts of north - The Press",https://news.google.com/rss/articles/CBMiqgFBVV95cUxOSGpyWHdGNWVtQmwycTU3MmNsVzdkTUpDNFZ4Z3pqZmRxeW1ucXFOdEw3YUIyanc4V3R6c2ZKYkp2RTh2dDE2c3EybU1mM0kyLUNKR29pcWlqRDZyWURHa3BQYmdLTHM3SVR6QWI3dGJ5anBVZ0Q5Slhpbmp2MlEtWWhXRjd5aFBvWHh2Zzk5REpsWDZVV1BYemtHMld5QVJVMGE4Y3RyOExEZw?oc=5,Google News Global: network performance,"One NZ internet outage affects entire South Island, parts of north The Press",current_api_seed
network-performance,ネットワーク性能・障害ニュース,2026-04-30T22:04:41Z,遅延の常識は覆る？宇宙で進む“光ネットワーク”の正体 - DXマガジン,https://news.google.com/rss/articles/CBMiTkFVX3lxTE11Wkx3ZEROeXZQZkMyVEVUOTZDTnUxRVhoMXVWd3R3NTNMcEhyVFV0clpnNHJkR2tEM2FWTWszWXhsY0ZwNmtINFdjUS1LZw?oc=5,Google News JP: network outage,遅延の常識は覆る？宇宙で進む“光ネットワーク”の正体 DXマガジン,current_api_seed
network-security,ネットワークセキュリティニュース,2026-04-30T22:01:00Z,脆弱性情報や設定項目を手軽に取得 的確な回答は適切な事前準備から - 日経クロステック,https://news.google.com/rss/articles/CBMic0FVX3lxTE9Vb1lZQk5JVTJuLWJvbmJETDJ0VGhJdFlIQnZhdnlNWWg2ZE5XbUd5STJlS210akw0Y3lqeHBoS2FsUnVQcG1KeFZaVGRFZmo0RFpla1N0OHB5WWtjdzRaSU53aFU4Y1luYjNjdlBDR0ljM1U?oc=5,Google News JP: network security,脆弱性情報や設定項目を手軽に取得 的確な回答は適切な事前準備から 日経クロステック,current_api_seed
router-global,海外ルーターニュース,2026-04-30T13:22:00Z,Xiaomi releases Wi-Fi 7 mesh router system internationally - Notebookcheck,https://news.google.com/rss/articles/CBMipgFBVV95cUxOaU9EX29yeWtNT2hYWUs0ZUVMN1N6UV9oZGUtbEM5WlhtMzh1aTRHMHFubWlmTVJSVmRpUjJnZEpyRl9YTTVFNlByV2Fmc1JCUFhqWnZlRFJnUE0wZHJudXN2U0dQY0ZndGtMckpHZGFqX2xMVlhYdk9JSVRYMUFRbG9GaTYzcl9TUmRUT3dVWkFITUZ3c09zdnc2ZjhwSUxPWnpPLWtR?oc=5,Google News Global: home networking,Xiaomi releases Wi-Fi 7 mesh router system internationally Notebookcheck,current_api_seed
router-domestic,国内ルーター市場ニュース,2026-04-30T07:00:28Z,パイオニアの車載用Wi-Fiルーター「DCT-WR200D」、使用感はどうなの？SNSのレビューをチェックしてみた - car-moby.jp,https://news.google.com/rss/articles/CBMie0FVX3lxTFBtS3kyRlVJdjFyaVo4NzlFQ29HRXhtNXpjMjNDNjNyZVFqWWJVTDYxVlBMYjdFMTVIeUJxMlFnb2pEaV9mRXBmdGlOMEZWNnhFUW5wanI4aWdlOUpGc2N5cGlfZFVLOW01V0ZDQVMyTlRvLWktNENlWmtoZw?oc=5,Google News JP: router products,パイオニアの車載用Wi-Fiルーター「DCT-WR200D」、使用感はどうなの？SNSのレビューをチェックしてみた car-moby.jp,current_api_seed
network-performance,ネットワーク性能・障害ニュース,2026-04-29T22:00:00Z,Plumas County 911 text service down due to internet outage - Action News Now,https://news.google.com/rss/articles/CBMi2wFBVV95cUxNRWF0X1dRRFBTZzlBUC1EbEEzSjRkWHJ4QklXRzY3U2tkcHRHS0VYeFdIRzJaNDFiSDFpRURJUFdhOUZjMF8xWk81SHZJNkVIeFU0TjZxNnpZdm8wTy10dVVKYmtqMzhoOG5VVXlET1VSd255aF90MnIxYVVsOUpFS3ZSeFllSlNFdlVoMm5kYU5hNlhLekdpRGtMUVVLNHI1MTl5TVVGbms3NndOWlR3b3NMeVIxeWRHakJnbEZ6Vm1helFwckNQd29MejNHUk5PR2RyTzdEUkRHSmM?oc=5,Google News Global: network performance,Plumas County 911 text service down due to internet outage Action News Now,current_api_seed
router-global,海外ルーターニュース,2026-04-29T18:38:28Z,EnGenius ECW515 Review (vs. Ubiquiti U7 In-Wall): A Handy Entry-Level Dual-Band Wi-Fi 7 Access Point - Dong Knows Tech,https://news.google.com/rss/articles/CBMiWEFVX3lxTE9oaFVmY0IyQXVIM3ZTZjJON09tOHVKazJnUGs0QUpkamhKN2dOZDFrbFdvdmxhSjJJZHNjU09qVkVscVloUEFIblRmbDhqLWpvQzlRYjdCZFE?oc=5,Google News Global: home networking,EnGenius ECW515 Review (vs. Ubiquiti U7 In-Wall): A Handy Entry-Level Dual-Band Wi-Fi 7 Access Point Dong Knows Tech,current_api_seed
router-global,海外ルーターニュース,2026-04-29T13:18:48Z,TUF Gaming BE9400 WiFi 7 Gaming Router (Hardware) – Review - MKAU Gaming,https://news.google.com/rss/articles/CBMinwFBVV95cUxOdHJiWEd0NTBkM05fVXRMSXJNdURfdEdqUHFjbF9pSTRUNFpDRHhoMld5RGNwV2ozbDlHeHRGMGdFMmN0bUFsLWlVZVJqTnNUZ21UalVFRGhqQ0lqb3hRM2tPdElGaEdvSkFaazBQd2J5T2EyZ19ONjdlNk9RTDlOV3NESWVwRkh5YjNuY2cxYWN1ZU5MSWxhNVo1alMxeVk?oc=5,Google News US: router products,TUF Gaming BE9400 WiFi 7 Gaming Router (Hardware) – Review MKAU Gaming,current_api_seed
network-performance,ネットワーク性能・障害ニュース,2026-04-29T08:05:49Z,【CNDW2025】containerlab×kindでひもとくBGP＋Kubernetes検証環境の作り方とサイボウズでの実践 - thinkit.co.jp,https://news.google.com/rss/articles/CBMiS0FVX3lxTE1pR0hFQ19SdXg2bU9Pa0xSUEFfcEt3VC1DaTJGQ243R1p3TS1xWE4tYTctTU1oSGQ0YnpaMTR1YnI5TUdQc2Y0V1Rvcw?oc=5,Google News JP: network outage,【CNDW2025】containerlab×kindでひもとくBGP＋Kubernetes検証環境の作り方とサイボウズでの実践 thinkit.co.jp,current_api_seed
network-performance,ネットワーク性能・障害ニュース,2026-04-29T00:59:14Z,Sumter County official offers update on four-hour internet outage - Villages-News.com,https://news.google.com/rss/articles/CBMiqwFBVV95cUxObGtLTlZlMHpKLXR6b0VBTHBDWExHT0hsVU9zT3VCZjdKRDZFcWQ3RC1jRVVQblRBcUtlSWQwZEdUMDhJZUNfdllSM2FZTWpUQTNKdVBTaElmcGxnQ3M0dmVjenpaRk5TZlVJd0pPdHFwUnlRMTNlbS12dEhZTDBLTk54TnBmZy10RTJXcXY3OFNxeFI0dVBWY3R3dzJtXzFDdWlYMjFuRXJRRG8?oc=5,Google News Global: network performance,Sumter County official offers update on four-hour internet outage Villages-News.com,current_api_seed
router-global,海外ルーターニュース,2026-04-28T21:20:20Z,Tech Group Urges FCC to Scrap Wi-Fi Router Ban's Software Update Cutoff - PCMag,https://news.google.com/rss/articles/CBMingFBVV95cUxPUHZUX3ZpRTVjcDNIWGJHRmVGYUZESWdwLVBRZTcyZ1FjMFppeGhJVm5BN0pkay11TlA1cE91OGg5S1duNS1pamFJVnJkcnNIVFduMXZiaFlYQ0ZzSHNnQVYzWkRiTUh6bWVNTTZVTWdNNm1GVGEzOENIRFQ4Y2NyOGNUbUV6MFQyZEhtRFg2cUNtdFNVMUw0cnhCMC0wZw?oc=5,Google News US: router products,Tech Group Urges FCC to Scrap Wi-Fi Router Ban's Software Update Cutoff PCMag,current_api_seed
router-global,海外ルーターニュース,2026-04-28T11:02:47Z,Ubiquiti U7 In-Wall (U7-IW) Review: A Solid Little Wi-Fi 7 Powerhouse - Dong Knows Tech,https://news.google.com/rss/articles/CBMiZkFVX3lxTE1Ydy1idmlWczJNQ3RnbnNVVmcyOGVSRHVNV0NCYkJEQUZUUWphVGxsM0Q1Qzh4MHRrWmJiVGtwaXZyRnFIRnRHMk5DU2V3ZVBTUDIyQ2tyVG4tcktKeGF5SUdsZUFJZw?oc=5,Google News Global: home networking,Ubiquiti U7 In-Wall (U7-IW) Review: A Solid Little Wi-Fi 7 Powerhouse Dong Knows Tech,current_api_seed
network-security,ネットワークセキュリティニュース,2026-04-27T21:00:00Z,IPA、ゴールデンウィークに向けたセキュリティ対策を呼びかけ 企業・組織では「ネットワーク貫通型攻撃」に注意を - INTERNET Watch,https://news.google.com/rss/articles/CBMia0FVX3lxTE9xVkhBemlIelJIZWtzOFZSQjNPc1VrdXRxek5PbkhuMFBPM0EwSEh0bk1ORmZuZmtqaXVsSmVaQ3hHR3QyLWZxRDI0cTdETl93S0hheDBIVGJ0aVRnZU13Tkt6S0paX2NPS0dF?oc=5,Google News JP: network security,IPA、ゴールデンウィークに向けたセキュリティ対策を呼びかけ 企業・組織では「ネットワーク貫通型攻撃」に注意を INTERNET Watch,current_api_seed
router-global,海外ルーターニュース,2026-04-27T09:08:00Z,"BT users offered impressive Wi-Fi router upgrade, and here's how to claim yours - The Mirror",https://news.google.com/rss/articles/CBMieEFVX3lxTE9IbThzbTRjWUE0SkhTNjNmd2ZWblU2UWtGbllDZDJ1aEZxUGczRWlWcWc4OFNDNTBUd0dIeWlWdlA3N3AzeFZPYU1ENDJ4U2EtM0lBYURLczFwdTd2eFpUXzMxTkJEbWZxZ2ZEUy1OTGUzNWdtNDAxatIBfkFVX3lxTFBOMG5BUzRNa2ZMR2plUks0OVk3Skxoa1RLbVNYX0JWVmoyOVp3MDhKWkpWNHVUenZGelJYWTlrYkhzTEptRU5USjdJT1RRcTBLS0lUUkJWLUt6V3YwcFRjM0lCNlRTVjcwOHVhMXBFcTBtZ3B1TEM5ZWItNmdaUQ?oc=5,Google News US: router products,"BT users offered impressive Wi-Fi router upgrade, and here's how to claim yours The Mirror",current_api_seed
network-performance,ネットワーク性能・障害ニュース,2026-04-27T06:17:00Z,Irans Internet Outage Costs $31 Million a Day ᐉ News from Fakti.bg - World - fakti.bg,https://news.google.com/rss/articles/CBMihgFBVV95cUxOb2dJTmtnRU1aXy1QRDhBNV9Dam9ucmFKWVhoNHVHVUw1R2o3b1hLbUYzV1lHbWxYTkN3NG5wYmZyZzlWYXRFaHJrN3ppd1dKeEFTRFduNW84QWVqVk5qdFdMcGxIbkRIcGNMRndSb2I4dndiNHh0Wm1UeVlQQmtFZFVKb1dyQQ?oc=5,Google News Global: network performance,Irans Internet Outage Costs $31 Million a Day ᐉ News from Fakti.bg - World fakti.bg,current_api_seed
router-global,海外ルーターニュース,2026-04-25T18:00:29Z,"Asus TUF BE9400 Gaming Router Review: ROG’s Chill, Cheaper Cousin Still Performs - PCMag",https://news.google.com/rss/articles/CBMia0FVX3lxTFBDUEozdXFNRjNkRk5rU0RiNlBDaVZlWGNsZUp6aWVqZkMtYUUzU2QzbG9xeGVTNDhBRW9ZdUtYNVBVZ3ZwQVhaU2J5YmdQX29EVVJzeldPdTBoV0kyUVlVcTZ3SllLRFJqV040?oc=5,Google News US: router products,"Asus TUF BE9400 Gaming Router Review: ROG’s Chill, Cheaper Cousin Still Performs PCMag",current_api_seed
router-domestic,国内ルーター市場ニュース,2026-04-24T07:00:00Z,8000円台でWi-Fi 7＆メッシュ対応はガチでお買い得！ ファーウェイから新Wi-Fiルーター 早速レビュー (1/3) - ASCII.jp,https://news.google.com/rss/articles/CBMiVEFVX3lxTE5RZ2x0cXJMYldxUk56WGdfbGpYZ2gzMGJOS3dReThtWFlVRGVicTgtN3pwTXdtcjEtekw0b0dmSmV4WTlhUUhnRjdNbFNnVy1hcUxhcw?oc=5,Google News JP: router products,8000円台でWi-Fi 7＆メッシュ対応はガチでお買い得！ ファーウェイから新Wi-Fiルーター 早速レビュー (1/3) ASCII.jp,current_api_seed
router-domestic,国内ルーター市場ニュース,2026-04-24T01:30:00Z,ASUS製のWi-Fi 7ルーターがAmazonでセール中！ ゲーミングルーター「GS-BE7200X」が2万7818円 - INTERNET Watch,https://news.google.com/rss/articles/CBMicEFVX3lxTE9LejJtcTljNElCUENUU3ZZajZKOGlCZDI2dW9uUW9iOVl5QVVEcGZFY25uby1VUlk0TWdEczYyS3RoR0VvSkFsVjZXSnlub3dpRGN6MlB3WXpPSmlGQXV5ekloNFZpQVM0aVlubGdVQUQ?oc=5,Google News JP: router vendors,ASUS製のWi-Fi 7ルーターがAmazonでセール中！ ゲーミングルーター「GS-BE7200X」が2万7818円 INTERNET Watch,current_api_seed
router-domestic,国内ルーター市場ニュース,2026-04-22T07:00:00Z,ASUSが“怪物”ルーター「ROG Rapture」のWi-Fi 7＆NPU搭載モデルを日本で初披露 実機を見てきた：発売日と価格は後日 - ITmedia PC USER - ITmedia,https://news.google.com/rss/articles/CBMib0FVX3lxTE9BRDJVODBGZEhXSE9GZ0lYZ29kMlE5NjZ5SFRvSjVjdWRodTNnZVZRQ0lxcl81UXRHWGV0bEstX3d5Q2ZSUFlNVzRCeUtTcm5UTW01OHJKQXJBUk94TTc3TjRxOHR2MUNVSHdQMTZ2VdIBaEFVX3lxTFBPSEtnQ05ITFRwQmt2bGFtV1ZRYWQ3eVlYdS1qeF9MRFctcEdMbjkzRS1XRzd1cHNCWTZDRVJXN0dubFBVNmhSaE9CSWpaMU1ISFpWSHlENG0ta0ZxSWRoeWlVUWFnUGxH?oc=5,Google News JP: router vendors,ASUSが“怪物”ルーター「ROG Rapture」のWi-Fi 7＆NPU搭載モデルを日本で初披露 実機を見てきた：発売日と価格は後日 - ITmedia PC USER ITmedia,current_api_seed
router-global,海外ルーターニュース,2026-04-21T07:00:00Z,"ROG Rapture GT-BE19000AI Review (vs. GT-BE98 Pro): ASUS’s Best, Yet Greatly Imperfect, Wi-Fi 7 Router - Dong Knows Tech",https://news.google.com/rss/articles/CBMifkFVX3lxTE5PWXpNWkY5NFlpaTcxU3RneVJPSnduQXlHR1NPQXBjdEd0bjQ5d0x1bTdWQkswRVl5WlF1a0dHVXhRUE82MDNHOHZBODF5eEZmNmQycjZaQjIzY0ctNTdKbTVvSDhoVklMNE5jZE9UVEpxRXJuNXppb0wyd2d3UQ?oc=5,Google News Global: home networking,"ROG Rapture GT-BE19000AI Review (vs. GT-BE98 Pro): ASUS’s Best, Yet Greatly Imperfect, Wi-Fi 7 Router Dong Knows Tech",current_api_seed
router-domestic,国内ルーター市場ニュース,2026-04-20T07:00:00Z,バッファローのWi-Fi 7対応モデルが首位！ 無線LANルーター人気ランキングTOP10 2026/4/20（BCN） - Yahoo!ニュース,https://news.google.com/rss/articles/CBMif0FVX3lxTE9TZjFCOGZBQi1ZNmJpUFJMVlFjQ3BLU0J3NXJobWxQMXJwNjBZQmRkTHd0cVBCWURRdHo0UHk2dzA0aHBtMWp4Vl92Y3RnT0xCQ0ozNlVHNTBGOFp1enhnLW03WXc3bDIzMU5Ka1Vzc3U4WVMxMlZhaGkzc1Y3dkE?oc=5,Google News JP: router vendors,バッファローのWi-Fi 7対応モデルが首位！ 無線LANルーター人気ランキングTOP10 2026/4/20（BCN） Yahoo!ニュース,current_api_seed
router-domestic,国内ルーター市場ニュース,2026-04-20T07:00:00Z,バッファローのWi-Fi 7対応モデルが首位！ 無線LANルーター人気ランキングTOP10 2026/4/20 - bcnretail.com,https://news.google.com/rss/articles/CBMib0FVX3lxTE5nb1JPZzd1WVlhZk1yRmwxbXFmM1FEQUZIbTBab1lJQnVWVGhCT3BlMGtMUEdGV083YUpteVU1ZkIzVGdIRlVYajMtbDRVcWRxbUo1VTJNRGRLVkhhRy1YRGZwaENHMmFOb1JBeXV0RQ?oc=5,Google News JP: router vendors,バッファローのWi-Fi 7対応モデルが首位！ 無線LANルーター人気ランキングTOP10 2026/4/20 bcnretail.com,current_api_seed
sqm-domestic,SQMルーター国内マーケット最新情報,2026-02-11T08:00:00Z,オンラインゲームやビデオ通話の遅延発生につながる「バッファブロート」が自分の使っているネットワークで発生するか否か測定できるウェブサイト (2026年2月11日掲載) - ライブドアニュース,https://news.google.com/rss/articles/CBMiXkFVX3lxTFBjd1RFcW1wUE5zMXRFaWo1aU5LWjc5Tmc0TUlCVGk1N3Z4MlZ4RG9lbVU5MEoxX1AydTd2T2lUaUhrUmRkZ2lSMzkzeVNyUXg0aGVnNERjNmxicmQ1cXc?oc=5,Google News JP: router market,オンラインゲームやビデオ通話の遅延発生につながる「バッファブロート」が自分の使っているネットワークで発生するか否か測定できるウェブサイト (2026年2月11日掲載) ライブドアニュース,current_api_seed
